392f1f,172.20.0.4,GET,http://site.org/,1480172944,,200
1684f3,172.20.0.4,GET,http://site.org/,1480173002,,404
b294ac,172.20.0.4,GET,http://site.org/main/,1480173121,,500
b2988d,172.20.0.4,GET,http://site.org/main/,1480174708,,500
9e6382,172.20.0.4,GET,http://site.org/main/,1480174783,,500
eb9bbf,172.20.0.4,GET,http://site.org/main/,1480174913,,500
04ef7d,172.20.0.4,GET,http://site.org/,1480175399,,404
edd021,172.20.0.4,GET,http://site.org/main/,1480175427,,500
ad17d5,172.20.0.4,GET,http://site.org/main/,1480175466,,500
6c3cbd,172.20.0.4,GET,http://site.org/main/,1480256818,,500
c33787,172.20.0.4,GET,http://site.org/favicon.ico,1480256819,,404
43c82a,172.20.0.4,GET,http://site.org/main/,1480257859,,500
d826c5,172.20.0.4,GET,http://site.org/main/,1480258039,,500
626ce4,172.20.0.4,GET,http://site.org/main/,1480258066,,500
81f47d,172.20.0.4,GET,http://site.org/main/,1480258140,,500
c1af61,172.20.0.4,GET,http://site.org/main/,1480258297,,500
e0bbfe,172.20.0.4,GET,http://site.org/main/,1480258369,,500
dfbac8,172.20.0.4,GET,http://site.org/main/,1480258393,,500
e2fda0,172.20.0.4,GET,http://site.org/main/,1480258455,,500
bf4d86,172.20.0.4,GET,http://site.org/main/,1480258667,,500
1dc0a5,172.20.0.4,GET,http://site.org/main/,1480258930,,500
c01482,172.20.0.4,GET,http://site.org/main/,1480259210,,500
e861b9,172.20.0.4,GET,http://site.org/main/,1480259446,,500
85fc41,172.20.0.4,GET,http://site.org/main/,1480259451,,500
044aa8,172.20.0.4,GET,http://site.org/main/,1480259497,,500
615980,172.20.0.4,GET,http://site.org/main/,1480260014,,500
2d453e,172.20.0.4,GET,http://site.org/main/,1480260109,,500
da3c58,172.20.0.4,GET,http://site.org/main/,1480260150,,500
163e7f,172.20.0.4,GET,http://site.org/main/,1480260224,,500
53d55a,172.20.0.4,GET,http://site.org/main/,1480260228,,500
2a5abc,172.20.0.4,GET,http://site.org/main/,1480260267,,200
0fa18c,172.20.0.4,GET,http://site.org/main/,1480260291,,200
283e60,172.20.0.4,GET,http://site.org/main/,1480260319,,200
988bfc,172.20.0.4,GET,http://site.org/main/,1480260448,,200
c38d43,172.20.0.4,GET,http://site.org/main/,1480260617,,200
c53f3c,172.20.0.4,GET,http://site.org/main/,1480260676,,200
1b043f,172.20.0.4,GET,http://site.org/main/,1480261151,,200
31c9bb,172.20.0.4,GET,http://site.org/main/,1480261198,,500
f25337,172.20.0.4,GET,http://site.org/main/,1480261224,,500
e1822e,172.20.0.4,GET,http://site.org/main/,1480261258,,500
89d7bf,172.20.0.4,GET,http://site.org/main/,1480261284,,500
6ec641,172.20.0.4,GET,http://site.org/main/,1480261302,,500
b2a033,172.20.0.4,GET,http://site.org/main/,1480261588,,500
c497a0,172.20.0.4,GET,http://site.org/main/,1480261889,,500
9a933e,172.20.0.4,GET,http://site.org/main/,1480261925,,500
f272f1,172.20.0.4,GET,http://site.org/main/,1480261925,,500
7be20a,172.20.0.4,GET,http://site.org/main/,1480262042,,500
f6694e,172.20.0.4,GET,http://site.org/main/,1480262071,,200
7c1b6e,172.20.0.4,GET,http://site.org/main/,1480262443,,200
937ec7,172.20.0.4,GET,http://site.org/main/,1480262468,,200
4a6b5a,172.20.0.4,GET,http://site.org/main/,1480263270,,200
16b277,172.20.0.4,GET,http://site.org/main/,1480263349,,200
a54b5b,172.20.0.4,GET,http://site.org/main/,1480263423,,200
3ff666,172.20.0.4,GET,http://site.org/main/,1480263490,,200
8c80dd,172.20.0.4,GET,http://site.org/main/,1480263612,,200
b4bfdd,172.20.0.4,GET,http://site.org/main/,1480263681,,200
d0efed,172.20.0.4,GET,http://site.org/main/,1480264038,,500
beff70,172.20.0.4,GET,http://site.org/main/,1480264064,,200
541de2,172.20.0.4,GET,http://site.org/main/,1480264159,,200
2460fc,172.20.0.4,GET,http://site.org/main/,1480264184,,200
026185,172.20.0.4,GET,http://site.org/main/,1480264518,,500
c4e2fc,172.20.0.4,GET,http://site.org/main/,1480264562,,200
ae8b42,172.20.0.4,GET,http://site.org/main/,1480265133,,200
ad04d2,172.20.0.4,GET,http://site.org/main/,1480335380,,200
e08e10,172.20.0.4,GET,http://site.org/main/,1480338400,,404
4abba2,172.20.0.4,GET,http://site.org/main/,1480338401,,404
35f0cb,172.20.0.4,GET,http://site.org/main/,1480338655,,200
53c6e5,172.20.0.3,GET,http://reports.site.org/main/,1480343015,,200
0dee42,172.20.0.3,GET,http://reports.site.org/css/main.css,1480343015,,404
94ae0a,172.20.0.3,GET,http://reports.site.org/main/,1480344099,,200
f3ed6b,172.20.0.3,GET,http://reports.site.org/css/main.css,1480344099,,404
da753a,172.20.0.3,GET,http://reports.site.org/main/,1480344129,,200
91b486,172.20.0.3,GET,http://reports.site.org/css/main.css,1480344129,,404
034ea8,172.20.0.3,GET,http://reports.site.org/main/,1480344131,,200
a1b4a7,172.20.0.3,GET,http://reports.site.org/css/main.css,1480344131,,404
f04272,172.20.0.3,GET,http://reports.site.org/main/,1480345356,,404
85c14f,172.20.0.3,GET,http://reports.site.org/,1480345362,,200
986197,172.20.0.3,GET,http://reports.site.org/css/main.css,1480345363,,404
c5975b,172.20.0.9,GET,http://reports.site.org/,1480355951,,200
296006,172.20.0.9,GET,http://reports.site.org/css/main.css,1480355952,,404
f41382,172.20.0.3,GET,http://reports.site.org/,1480356838,,200
c64044,172.20.0.3,GET,http://reports.site.org/css/main.css,1480356839,,404
84cb5a,172.23.0.7,POST,http://reports.site.org/,1481631491,,405
79b116,172.23.0.7,POST,http://reports.site.org/,1481631560,,405
9782e4,172.23.0.7,GET,http://reports.site.org/,1481631581,,200
07fe5c,172.23.0.7,GET,http://reports.site.org/css/main.css,1481631581,,404
f19f39,172.23.0.7,GET,http://reports.site.org/favicon.ico,1481631583,,404
8ce187,172.23.0.7,POST,http://reports.site.org/,1481631593,,405
2b54e6,172.23.0.7,GET,http://reports.site.org/,1481631603,,200
